[
    {
      "flightIdentifier": "D20190401UA969",
      "flightNumber": "UA 969",
      "airport": "San Francisco",
      "expectedTime": "14:50",
      "originalTime": "14:50",
      "url": "/en/departures/flight/D20190401UA969/",
      "score": "70.55272"
    },
    {
      "flightIdentifier": "D20190401UA989",
      "flightNumber": "UA 989",
      "airport": "San Francisco",
      "expectedTime": "14:50",
      "originalTime": "14:50",
      "url": "/en/departures/flight/D20190401UA989/",
      "score": "71.53476"
    },
    {
      "flightIdentifier": "D20190401VY8379",
      "flightNumber": "VY 8379",
      "airport": "Santiago Com",
      "expectedTime": "15:55",
      "originalTime": "15:55",
      "url": "/en/departures/flight/D20190401VY8379/",
      "score": "62.708916"
    },
    {
      "flightIdentifier": "D20190401KL0701",
      "flightNumber": "KL 701",
      "airport": "Santiago",
      "expectedTime": "21:00",
      "originalTime": "21:00",
      "url": "/en/departures/flight/D20190401KL0701/",
      "score": "58.897865"
    },
    {
      "flightIdentifier": "D20190401KL1221",
      "flightNumber": "KL 1221",
      "airport": "Sandefjord",
      "expectedTime": "21:25",
      "originalTime": "21:25",
      "url": "/en/departures/flight/D20190401KL1221/",
      "score": "58.817875"
    },
    {
      "flightIdentifier": "D20190401BA2761",
      "flightNumber": "BA 2761",
      "airport": "London Gatwick",
      "expectedTime": "14:40",
      "originalTime": "14:40",
      "url": "/en/departures/flight/D20190401BA2761/",
      "score": "155.64577"
    },
    {
      "flightIdentifier": "D20190401KL1019",
      "flightNumber": "KL 1019",
      "airport": "London Heathrow",
      "expectedTime": "14:40",
      "originalTime": "14:40",
      "url": "/en/departures/flight/D20190401KL1019/",
      "score": "153.7487"
    },
    {
      "flightIdentifier": "D20190401EZY3004",
      "flightNumber": "EZY 3004",
      "airport": "London Stansted",
      "expectedTime": "14:45",
      "originalTime": "14:45",
      "url": "/en/departures/flight/D20190401EZY3004/",
      "score": "156.19374"
    },
    {
      "flightIdentifier": "D20190401BA435",
      "flightNumber": "BA 435",
      "airport": "London Heathrow",
      "expectedTime": "14:55",
      "originalTime": "14:55",
      "url": "/en/departures/flight/D20190401BA435/",
      "score": "154.88477"
    },
    {
      "flightIdentifier": "D20190401EJU8874",
      "flightNumber": "EJU 8874",
      "airport": "London Gatwick",
      "expectedTime": "15:05",
      "originalTime": "15:05",
      "url": "/en/departures/flight/D20190401EJU8874/",
      "score": "154.88477"
    },
    {
      "flightIdentifier": "D20190401EZY8876",
      "flightNumber": "EZY 8876",
      "airport": "London Gatwick",
      "expectedTime": "15:50",
      "originalTime": "15:50",
      "url": "/en/departures/flight/D20190401EZY8876/",
      "score": "154.88477"
    },
    {
      "flightIdentifier": "D20190401KL0461",
      "flightNumber": "KL 461",
      "airport": "Tel Aviv",
      "expectedTime": "21:05",
      "originalTime": "21:05",
      "url": "/en/departures/flight/D20190401KL0461/",
      "score": "450.7089"
    },
    {
      "flightIdentifier": "D20190401LY336",
      "flightNumber": "LY 336",
      "airport": "Tel Aviv",
      "expectedTime": "21:30",
      "originalTime": "21:30",
      "url": "/en/departures/flight/D20190401LY336/",
      "score": "456.62738"
    },
    {
      "flightIdentifier": "D20190401KL0937",
      "flightNumber": "KL 937",
      "airport": "Dublin",
      "expectedTime": "16:00",
      "originalTime": "16:00",
      "url": "/en/departures/flight/D20190401KL0937/",
      "score": "255.66647"
    },
    {
      "flightIdentifier": "D20190401EI609",
      "flightNumber": "EI 609",
      "airport": "Dublin",
      "expectedTime": "17:15",
      "originalTime": "17:15",
      "url": "/en/departures/flight/D20190401EI609/",
      "score": "261.41364"
    },
    {
      "flightIdentifier": "D20190401FR3105",
      "flightNumber": "FR 3105",
      "airport": "Dublin",
      "expectedTime": "18:35",
      "originalTime": "18:35",
      "url": "/en/departures/flight/D20190401FR3105/",
      "score": "261.41364"
    },
    {
      "flightIdentifier": "D20190401EI611",
      "flightNumber": "EI 611",
      "airport": "Dublin",
      "expectedTime": "21:40",
      "originalTime": "21:40",
      "url": "/en/departures/flight/D20190401EI611/",
      "score": "262.5605"
    },
    {
      "flightIdentifier": "D20190401KL0939",
      "flightNumber": "KL 939",
      "airport": "Dublin",
      "expectedTime": "21:45",
      "originalTime": "21:45",
      "url": "/en/departures/flight/D20190401KL0939/",
      "score": "262.5605"
    },
    {
      "flightIdentifier": "D20190401FR3007",
      "flightNumber": "FR 3007",
      "airport": "Dublin",
      "expectedTime": "22:05",
      "originalTime": "22:05",
      "url": "/en/departures/flight/D20190401FR3007/",
      "score": "261.34207"
    }
]